文档名称,创建时间,创建者,数字,类别,网址
十大排序算法（一：冒泡排序）,2025年8月9日 12:17,lu cas,,"c++, 排序算法, 算法",
The Bucket List B c++,2025年8月9日 12:17,lu cas,,"c++, 题解",
十大排序算法（二 ：选择排序）,2025年8月10日 17:18,lu cas,,"c++, 排序算法, 算法",
Mixing Milk B,2025年8月10日 17:18,lu cas,,"c++, 题解",
搭配购买(buy)（测试题24）,2025年8月10日 17:18,lu cas,,"c++, 题解",
乒乓球c++,2025年8月10日 17:18,lu cas,,"c++, 题解",
最长不下降子序列LIS,2025年8月10日 17:19,lu cas,,"c++, 算法, 题解",
背包问题（动态规划看这一篇就够了）,2025年8月10日 17:36,lu cas,,"c++, 算法, 题解",
并查集（看这一篇就够了）,2025年8月10日 17:36,lu cas,,"c++, 算法",
深搜(看这一篇就够了),2025年8月10日 17:36,lu cas,,"c++, 算法, 题解",
bfs广搜(看这一篇就够了),2025年8月10日 17:42,lu cas,,"c++, 算法, 题解",
十大排序算法（三 :插入）,2025年8月10日 17:42,lu cas,,"c++, 排序算法, 算法",
指针C++ 详解,2025年8月10日 17:42,lu cas,,"c++, 算法",
图(入门),2025年8月10日 17:46,lu cas,,"c++, 算法",
渐进时间复杂度O(n),2025年8月10日 17:46,lu cas,,"c++, 概念",
C++中常用数组及几种数组定义方式,2025年8月10日 17:48,lu cas,,"c++, 概念",
变量内存和存储单位,2025年8月10日 17:48,lu cas,,"c++, 概念",
字符串的基础操作,2025年8月10日 17:51,lu cas,,"c++, 概念",
Farmer John的故事——写给程序员的回忆录,2025年8月10日 17:51,lu cas,,其他,
（EasyX入门与实战）第五章 添加音,2025年8月10日 17:58,lu cas,,"visualstudio, 其他",
素数筛详解c++,2025年8月10日 17:58,lu cas,,"c++, 概念, 算法",
人工智能在现代科技中的应用和未来发展趋势,2025年8月10日 18:00,lu cas,,ai,
分解质因数（唯一分解定理）,2025年8月10日 18:00,lu cas,,"c++, 算法",
初赛知识点分布图,2025年8月10日 18:00,lu cas,,csp/noi,
GESP等级大纲,2025年8月11日 16:20,lu cas,,csp/noi,
CCF-GESP 2024 四级T1相似字符串,2025年8月11日 17:03,lu cas,,"c++, csp/noi, 题解",
CCF-GESP2024 四级T2做题,2025年8月11日 17:03,lu cas,,"c++, csp/noi, 题解",
分糖果（2021）(candy),2025年8月11日 17:06,lu cas,,"c++, 题解",
龙虎斗(2018)c++,2025年8月11日 17:20,lu cas,,"c++, 题解",https://blog.csdn.net/Lucas55555555/article/details/139477255?spm=1001.2014.3001.5501
C++关键字总结,2025年8月11日 17:25,lu cas,,"c++, 概念",
纪念品（2019CSP-J）,2025年8月11日 17:25,lu cas,,"c++, csp/noi, 题解",
[NOIP2017 普及组] 图书管理员,2025年8月11日 17:25,lu cas,,"c++, csp/noi, 题解",
P7911 [CSP-J 2021] 网络连接,2025年8月11日 17:25,lu cas,,"c++, csp/noi, 题解",
[NOIP2016 普及组] 回文日期,2025年8月11日 17:27,lu cas,,"c++, csp/noi, 题解",
P7910[CSP-J2021]插入排序,2025年8月11日 17:29,lu cas,,"c++, csp/noi, 题解",
P7072 [CSP-J2020] 直播获奖,2025年8月11日 17:29,lu cas,,"c++, csp/noi, 题解",
VScode快速配置c++（菜鸟版）,2025年8月11日 17:29,lu cas,,"vscode, 其他",
P1757 通天之分组背包,2025年8月11日 17:30,lu cas,,"c++, 题解",
c++ 桶排序（看这一篇就够了）,2025年8月11日 17:33,lu cas,,"c++, 排序算法",
树(入门),2025年8月11日 17:36,lu cas,,"c++, csp/noi, 算法, 题解",
找树根和孩子c++,2025年8月11日 17:36,lu cas,,"c++, 算法, 题解",
根据前序中序求后序(树）,2025年8月11日 17:36,lu cas,,"c++, 算法, 题解",
图论最短路(floyed+ford),2025年8月11日 17:36,lu cas,,"c++, 算法, 题解",
扩展二叉树c++,2025年8月11日 17:36,lu cas,,"c++, 算法, 题解",
最短距离和路径问题 ford,2025年8月11日 17:36,lu cas,,"c++, 算法, 题解",
最短路----Dijkstra算法详解,2025年8月11日 17:39,lu cas,,"c++, 算法, 题解",
矩形嵌套 之一题多解dp篇,2025年8月11日 17:40,lu cas,,"c++, 算法, 题解",
关押罪犯c++,2025年8月11日 17:40,lu cas,,"c++, 题解",
矩形嵌套 之一题多解图论篇,2025年8月11日 17:40,lu cas,,"c++, 算法, 题解",
c++ 希尔排序（看这一篇就够了）,2025年8月11日 17:40,lu cas,,"c++, 排序算法",
分治算法c++详解（看这一篇就够了）,2025年8月11日 17:40,lu cas,,"c++, 排序算法",
c++ 快速排序（看这一篇就够了）,2025年8月11日 17:46,lu cas,,"c++, 排序算法",
计数排序c++详解（看这一篇就够了）,2025年8月11日 17:46,lu cas,,"c++, 排序算法",
【2025保姆级教程】DeepSeek全场景使用指南：从避坑到高阶玩法,2025年8月11日 17:46,lu cas,,"ai, 其他",
家谱c++详解,2025年8月11日 17:46,lu cas,,"c++, 算法, 题解",
最小生成树详解Kruskal -----看这一篇就够了,2025年8月11日 17:46,lu cas,,"c++, 算法, 题解",
拓扑排序详解-----看这一篇就够了,2025年8月11日 17:49,lu cas,,"c++, 算法, 题解",
《2025年开发者的终极武器：ChatGPT直接嵌入IDE实战指南，效率飙升300%！》,2025年8月11日 17:49,lu cas,,"ai, 其他",
《深入解析Python高阶编程：7个改变编码思维的核心技术》,2025年8月11日 17:49,lu cas,,"ai, python, 其他",
《2024最全Python图像修复指南：从模型源码解剖到工业级部署，手把手实现老照片高清重生》,2025年8月11日 17:49,lu cas,,"ai, python, 其他",
大模型全栈开发实战：Python、C++、Java技术融合与行业落地指南（万字长文+完整代码）,2025年8月11日 17:49,lu cas,,"ai, c++, java, python, 其他",
《C++与OpenCV实战：图像增强大核心算法详解》,2025年8月11日 17:49,lu cas,,"ai, c++, opencv, 其他",
浏览器游戏的次世代革命：WebAssembly 3.0 实战指南,2025年8月11日 17:50,lu cas,,"ai, 其他",
AI革命：开发者从「代码劳工」到「战略指挥官」的升维之路,2025年8月11日 17:50,lu cas,,"ai, 其他",
" 用指令微调＋LoRA打造高效大模型助手：完整实战指南",2025年8月11日 17:50,lu cas,,"ai, 其他",
AIGC工具深度实战：GPT与通义灵码如何彻底重构企业开发流程,2025年8月11日 17:50,lu cas,,"ai, 其他",
⚙️ 深度学习模型编译器实战：解锁工业级部署新范式—— 基于PyTorch-MLIR的全流程优化指南（开源工具链集成）,2025年8月11日 17:55,lu cas,,"ai, 其他",
实时数据洪流突围战：Flink+Paimon实现毫秒级分析的架构革命（附压测报告）——日均百亿级数据处理成本降低60%的工业级方案,2025年8月11日 17:55,lu cas,,"ai, 其他",
2025开箱即用！5大AI代码生成场景实战（附完整源码） “用AI生成代码不是未来，是2025年程序员的生存标配”——实测效率提升300%，新手也能粘贴即用！,2025年8月11日 17:55,lu cas,,"ai, 其他",
多模型动态路由框架实践：提升推理效率与资源利用率的技术方案,2025年8月11日 17:55,lu cas,,"ai, 其他",
毁灭与重塑：当大模型开始「替代」程序员，我们如何避免成为技术进化中的尘埃？,2025年8月11日 17:55,lu cas,,"ai, python, 其他",
从入门到实战：基于FastAPI+ChatGLM3打造高性能本地知识库问答系统一、 引言：为什么RAG是构建可信AI应用的关键？,2025年8月11日 17:55,lu cas,,"ai, python, 其他",
多模态RAG进阶：基于GPT-4V+LangGraph的下一代智能体系统完全指南,2025年11月9日 13:40,lu cas,,"ai, python, 其他",
从0到1手把手教你实现RAG系统：代码+原理详解，轻松玩转知识库问答！,2025年11月9日 13:40,lu cas,,"ai, python, 其他",
一键搞定微信消息轰炸？Python自动化助手实战教程，工作效率提升200%！,2025年11月9日 13:42,lu cas,,"ai, python, 其他",